Dang 1234 dang.vm@gmail.com
Duy 9856 duy.nn@gmail.com
Hai 6384 hai.vn@gmail.com
Dung 9468 dung.ptgmail.com
Nam 9828 nam.vngmail.com
Quang 9648 quang.nngmail.com
Chien 6412 chien.ndgmail.com
Vinh 1284 vinh.nkh@gmail.com
Nghia 6342 nghia.vd@gmail.com
Son 3571 son.gh@gmail.com
An 5204 an.kj@gmail.com
Khoa 9510 khoa.th@gmail.com
Truong 0492 truong.hh@gmail.com
Toan 9842 toan.vd@gmail.com
Phuc 6482 phuc.dd@gmail.com