Dang 0365 dang.vm@gmail.com
Duy 1234 duy.nn@gmail.com
Hai 1987 hai.vh@gmail.com
Khanh 9635 khanh.vn@gmail.com
Hoan 8535 Hoan.pp@gmail.com
Dung 9517 Dung.tt@gmail.com
Duc 9565 Duc.tt@gmail.com
Hung 6542 Hung.vh@gmail.com
Linh 9831 Linh.hl@gmail.com
Trang 9703 Trang.lk@gmail.com
Vu 6482 Vu.vn@gmail.com
Nam 9534 Nam.kk@gmail.com
